section	id	case	matter	country	court	docket	date_iso	date_text	timezone	time_status	verified	status	detail	next_note	source_url	source_label	source_type	source2_url	source2_label	internal_link	internal_link_text	faq_question
monitoring	turner-dore	Samantha Turner	Murder and attempted-murder charges against Alan Dore	United Kingdom	Hendon Magistrates’ Court, London						August 22, 2026	Alan Dore has been charged with murder in Samantha Turner’s death and attempted murder in the stabbing of Turner’s adult daughter. No conviction exists. His plea and next court date have not been publicly verified, and he is presumed innocent unless and until convicted.	The Metropolitan Police announced the charges and an August 20 first appearance. That date has passed, and no later court setting is published here until it can be verified.	The plea, result of the first appearance, and next listed court date.	https://news.met.police.uk/news/man-charged-in-connection-with-shepherds-bush-murder-511979	Metropolitan Police charging announcement, August 19, 2026	police release					Does the Samantha Turner case have a court date?
monitoring	oreilly-melbourne	Annmarie O’Reilly	Murder charge following O’Reilly’s death at a Ferntree Gully home	Australia	Melbourne, Victoria — court not yet verified						August 22, 2026	A 45-year-old man has been reported charged with murder following Annmarie O’Reilly’s death. No conviction exists. The defendant’s plea, assigned court and next date have not been verified, and he is presumed innocent unless and until convicted.	This is tracked worldwide despite the absence of a verified court listing. The calendar will add a date only after the assigned court publishes or confirms it.	The defendant’s verified name, first-appearance outcome, assigned court and next listed date.	https://www.crimeworld.com/international/man-charged-with-murder-of-irish-mum-at-melbourne-home-as-tributes-paid/a/160367134.html	Crime World, charge report, August 22, 2026	named outlet					Is there a court date in the Annmarie O’Reilly case?
meta	last_updated											2026-10-02										
meta	page_title											International Court Watch										
meta	page_description											Verified court dates and monitored matters outside the United States, tracked to the same sourcing rule as our US court calendar.										
monitoring	patterson-appeal	Erin Patterson	Appeal against three murder convictions, heard together with the Crown appeal against sentence — decision reserved	Australia	Court of Appeal, Supreme Court of Victoria, Court 1, 210 William Street, Melbourne	S EAPCR 2025 0218 and S EAPCR 2025 0226					August 20, 2026	Convicted and serving life with a 33-year non-parole period. The two-day appeal hearing concluded on August 20, 2026 and the Court of Appeal reserved its decision on both appeals. Nothing has been decided, and the convictions and sentence stand unless and until the court rules.	The hearing ran August 19–20 before Justices McLeish, Taylor and Kidd. Day one covered Patterson’s seven conviction grounds; day two was the Director of Public Prosecutions arguing the sentence was manifestly inadequate and seeking life without parole. The court reserved judgment in both appeals and gave no indication of when it will rule. Reporting suggests a decision could take weeks or months. Ground one is that sequestering the jury in the same hotel as police, prosecutors and media during deliberations was a fundamental irregularity. Widely shared posts describe that ground as a ruling that forced her to testify. That is not what the ground says, and no source supports it. DPP Brendan Kissane KC told the court there is no substance behind it.	A reserved judgment in both appeals. No decision date has been listed, and the court has given no timeline.	https://www.abc.net.au/news/2026-08-20/live-blog-erin-patterson-appeal-day-2/107056898	ABC News Australia, day-two hearing coverage and reserved decision (August 20, 2026)	court reporting	https://www.bbc.com/news/live/cq80n95en0xlt	BBC News, appeal-conclusion coverage (August 2026)			Has the Erin Patterson appeal been decided?
monitoring	bishop-bethania	Death of Chad Steven Bishop	Two accused each charged with one count of murder and one count of interfering with a corpse	Australia	Brisbane Magistrates Court, Queensland						August 19, 2026	Charged, no plea entered. The remains are believed to be Bishop’s but have not been formally identified, and an autopsy is still to be conducted.	Remains were found in a shallow grave beneath a cubby house on Old Trafford Road, Bethania. Queensland Police name no victim and say only that detectives allegedly located human remains. The Queensland Police release identifies the accused as a 52-year-old Bethania man and a 45-year-old Windaroo woman; ABC News names them as Courtenay Williams, 52, and Carlie Rochelle Mordue, 45. Both appeared on August 18, 2026 and the matters were adjourned. Court documents allege that on or about March 2, 2022 the pair improperly interfered with a dead human body. Bishop was reported missing from Beenleigh in March 2022.	ABC News reports a next court date of September 7. Neither the court nor Queensland Police has published that date, so we are not listing it as a sitting.	https://mypolice.qld.gov.au/news/2026/08/18/murder-charges-bethania/	Queensland Police Service media release, August 18, 2026	police release	https://www.abc.net.au/news/2026-08-18/qld-beenleigh-bethania-murder-missing-man/107048758	ABC News, August 18, 2026			Have the Bethania remains been identified as Chad Steven Bishop?
monitoring	kelly-jordan-road	Kelly Jordan Road remains, Montague Township	Three sets of human remains recovered from one property; four people charged in one of the three deaths	Canada							August 19, 2026	Charges have been laid in the death of Robbie Thomson only. No charges have been laid in the deaths of Robert Lambert or Lawrence Bertrim.	The property is a 16-hectare parcel on Kelly Jordan Road in Montague Township, Lanark County, Ontario, northeast of Smiths Falls. This is a Canadian matter and does not belong on a US calendar. Robbie Thomson, 34, missing since October 2023, was found October 30, 2025. Robert Lambert, 75, who bought the property in 2004 and was reported missing November 30, 2018, was found July 20, 2026. Lawrence Bertrim of Smiths Falls, 42 when he vanished on September 30, 2022, was found August 6, 2026 with cause of death undetermined. Charged in Thomson’s death: Christopher Fenton, 48, Erin Mackie, 40, and Joshua Belfiori, 34, with first-degree murder, and Mark Fenton, 42, with accessory after the fact, charged April 2026. The Ontario Provincial Police Criminal Investigation Branch is directing the investigation with Smiths Falls Police Service, the Office of the Chief Coroner and the Ontario Forensic Pathology Service.	No court date has been published for any of the four accused.	https://www.ctvnews.ca/ottawa/article/fourth-person-charged-in-connection-to-death-of-smiths-falls-ont-man/	CTV News Ottawa	named outlet	https://www.cbc.ca/news/canada/ottawa/residents-deeply-affected-by-latest-human-remains-discovery-says-montague-township-reeve-9.7298659	CBC News			Has anyone been charged over the Kelly Jordan Road remains?
monitoring	wongsricha-dika	Death of Orawan Wongsricha	Final-stage Supreme Court appeal by the convicted man against a 26-year sentence	Thailand	Supreme Court of Thailand (Dika), on appeal from Court of Appeal Region 4						October 3, 2026 — historical appeal-summary review	Convicted and not final. Chaiphol Wipha remains in custody after the Supreme Court refused temporary release pending his appeal.	Orawan Wongsricha, 3, known as Nong Chompoo, disappeared in Mukdahan in May 2020 and was found dead days later. Thai PBS, citing a Judiciary summary dated August 15, 2025, reports that the Court of Appeal Region 4 convicted Chaiphol Wipha of intentional killing, child abduction, child abandonment causing death and interference with a corpse, imposing a total 26-year sentence. Its account describes foreseeable-result intent, rather than establishing premeditation. Somporn Lappho’s acquittal was upheld. The report says temporary release during the Supreme Court appeal was denied; no final Supreme Court judgment has been verified here.	The reviewed sources describe August 2025 activity. No later Supreme Court hearing, judgment-reading date or final disposition has been verified; recheck the court record before treating the appeal as resolved.	https://www.thaipbs.or.th/news/content/355385	Thai PBS, August 15, 2025 report citing a Judiciary appeal summary	Named outlet — attributed Judiciary summary	https://www.bangkokpost.com/thailand/general/3086852/supreme-court-denies-bail-for-uncle-phol-in-toddlers-murder	Bangkok Post, August 14, 2025 bail report			Is the Nong Chompoo case finished?
monitoring	hooper-search	Search for Lily Hooper	Active missing-person search. No criminal investigation and no court proceeding	Australia							August 19, 2026	Missing person. No arrest, no charge, no named suspect, and nothing in any source treating the disappearance as suspicious.	Hooper, 18, has not been seen since setting out on a solo hike in Nattai National Park, New South Wales on August 12, 2026. Her vehicle was found at the walking-track trailhead. By August 19 close to 100 Australian Defence Force personnel from the 5th Brigade at Holsworthy had joined roughly 200 police, rescue and VRA Rescue NSW searchers working with trail bikes, horses, dogs and helicopters. Police say there is no trace of Hooper or her belongings, and investigators have examined her phone data. We list this only so readers know it is being followed and that no legal matter exists; it is a search, not a case.	Not applicable. There is no legal proceeding.	https://www.abc.net.au/news/2026-08-19/lily-hooper-missing-bushwalker-nattai-national-park-search/107053472	ABC News, August 19, 2026	named outlet	https://www.theguardian.com/australia-news/2026/aug/18/family-of-missing-18-year-old-hiker-absolutely-devastated-as-search-continues-in-rugged-nsw-terrain	Guardian Australia, August 18, 2026			Is Lily Hooper’s disappearance a criminal case?
concluded	marin-mendoza	Eleonor Alejandra Marín Mendoza	Kidnapping conviction over the 2009 taking of a newborn from a Mexico City hospital	Mexico	Mexico City criminal court; the presiding judge is reported as Taissia Cruz Parcero						August 19, 2026	Concluded. Convicted of kidnapping, sentenced to 13 years, and released in 2023 after serving more than 13 years. No appeal, retrial, or civil claim is reported.	Marín Mendoza faked a full-term pregnancy after miscarriages and took a newborn on June 17, 2009 from the hospital where she worked in administration. She was arrested at a nearby hotel hours later and the baby was returned to her mother, Mayra Navarro. The judge rejected her claim that the birth mother had consented, noting Navarro’s prenatal care was at a different clinic. Her husband Arturo spent roughly two years in custody and was acquitted. We list this because the Netflix documentary A Child of My Own, released August 13, 2026, has driven renewed interest, and readers should know there is no live proceeding.	Not applicable. The sentence has been served in full.	https://www.bbc.com/culture/article/20260810-a-shocking-case-of-a-fake-pregnancy-that-spiralled	BBC Culture, August 11, 2026	named outlet	https://time.com/article/2026/08/13/netflix-documentary-a-child-of-my-own/	TIME, August 13, 2026			Is there an active case against Eleonor Marín Mendoza?
listed	thaci-et-al-judgment	Hashim Thaçi, Kadri Veseli, Rexhep Selimi and Jakup Krasniqi	Trial judgment pronounced — war-crimes convictions and sentences entered	Kosovo — proceedings seated in the Netherlands	Kosovo Specialist Chambers, The Hague	KSC-BC-2020-06	2026-09-16	Wednesday, September 16, 2026 — judgment pronounced at 10:00 CET	Europe/Amsterdam	confirmed	September 16, 2026, 10:28 PDT (America/Los_Angeles)	The Kosovo Specialist Chambers convicted all four defendants of war crimes of arbitrary detention, cruel treatment, torture and murder, and acquitted them of crimes against humanity. The first-instance judgment sentenced Hashim Thaçi and Jakup Krasniqi to 25 years, Kadri Veseli to 18 years, and Rexhep Selimi to 13 years, with credit for time served. Appellate rights remain.	The September 16 judgment resolved the trial-level charges in KSC-BC-2020-06. The convictions are stated as the court’s first-instance findings; this entry does not treat them as final while the challenge period remains open.	Any notices of appeal, post-judgment detention or reparations orders, and the status of the first-instance judgment under the Specialist Chambers’ review process.	https://www.scp-ks.org/en/hashim-thaci-and-co-defendants-found-guilty-war-crimes	Kosovo Specialist Chambers, September 16 judgment announcement	court listing	https://apnews.com/article/0b24b81d6e1ca8f01d8b8b54bb465ee9	Associated Press, September 16 judgment report			What did the Kosovo Specialist Chambers decide in the Thaçi et al. trial?
monitoring	letby-thirlwall-inquiry	Lucy Letby — Thirlwall Inquiry and related investigations	Inquiry report published; related police investigations continue	United Kingdom							September 15, 2026, 15:31 PDT (America/Los_Angeles)	Letby’s murder and attempted-murder convictions stand. The Thirlwall Inquiry is a public inquiry into events at the Countess of Chester Hospital; publication of its report is not a new criminal judgment or an appeal ruling.	The inquiry published its report on September 15. Cheshire Police separately confirmed that corporate-manslaughter and gross-negligence-manslaughter investigations continue. No new court date is established by those announcements.	Any formally announced charges or court listing in the related investigations. No next hearing date has been verified for this entry.	https://www.gov.uk/government/publications/thirlwall-inquiry-report	Department of Health and Social Care, September 15 report publication	official publication	https://www.cheshire.police.uk/news/cheshire/news/articles/2026/9/cheshire-police-statement-following-the-publication-of-the-thirlwall-inquiry-report/	Cheshire Constabulary, September 15 investigation update			Does the Thirlwall Inquiry report set a new court date?
listed	duterte-trial-opening	Rodrigo Roa Duterte	Opening of crimes-against-humanity trial	Philippines — proceedings seated in the Netherlands	International Criminal Court, Trial Chamber III, The Hague	ICC-01/21-01/25	2026-11-30	Monday, November 30, 2026 — start time not publicly verified	Europe/Amsterdam		September 16, 2026, 10:28 PDT (America/Los_Angeles)	The ICC confirmed three counts of crimes against humanity and committed Duterte to trial. The charges concern alleged murder and attempted murder. He remains presumed innocent unless and until proved guilty.	At the September 16 status conference, the Trial Chamber addressed preparation and scheduling, including the prosecution’s proposed witness and evidence presentation. The ICC case page continues to list November 30 as the trial opening; no public start time is shown.	The November 30 opening and any scheduling order following the status conference. Reporting says the court intends to sit through December and resume in early 2027, but the setting remains subject to court orders.	https://www.icc-cpi.int/philippines/duterte	ICC official Duterte case page, checked September 16, 2026	court listing	https://www.pna.gov.ph/articles/1284218	Philippine News Agency, September 16 status-conference scheduling report			When is Rodrigo Duterte’s ICC trial scheduled to begin?
listed	duterte-status-conference	Rodrigo Roa Duterte	Status conference completed; detention continued	Philippines — proceedings seated in the Netherlands	International Criminal Court, Courtroom I, The Hague	ICC-01/21-01/25	2026-09-16	Wednesday, September 16, 2026 — status conference completed	Europe/Amsterdam	confirmed	September 16, 2026, 10:28 PDT (America/Los_Angeles)	The ICC confirmed three counts of crimes against humanity and committed Duterte to trial. The charges concern alleged murder and attempted murder. He remains presumed innocent unless and until proved guilty. The Trial Chamber continued his detention in a September 16 decision.	Duterte attended the status conference in person. The hearing focused largely on trial preparation and the prosecution’s proposed presentation; the chamber asked the prosecution to consider streamlining witnesses and evidence. The detention ruling does not decide guilt.	The November 30 trial opening, the next status conference or scheduling order, and any further detention review.	https://www.icc-cpi.int/court-record/icc-01/21-01/25-506	ICC court record ICC-01/21-01/25-506, Second decision on the review of detention, September 16	court listing	https://apnews.com/article/duterte-court-icc-philippines-drugs-9f20c1fb92602d8858227b3c0802e7c8	Associated Press, September 16 status conference and detention report			What happened at Rodrigo Duterte’s September 16 ICC status conference?
monitoring	noah-brantham	Noah Woods — Brantham coronial proceedings	Recovered deceased and identified — inquest adjourned; next date unverified	United Kingdom	Suffolk Coroner’s Court, Ipswich, United Kingdom				Europe/London	not publicly verified	October 2, 2026, 13:43 PDT (America/Los_Angeles)	Suffolk Constabulary confirmed that the child recovered from Decoy Pond on September 16 was identified as Noah Woods. Police are not treating his death as suspicious. The earlier missing-child search appeal is superseded; no crime or accused person is established by this update.	The police identification update, published September 17 and updated September 25, replaces the September 15 appeal. ITV’s September 25 inquest report says the medical cause of death remained under investigation and the inquest was adjourned to a date to be fixed. No final coronial conclusion is asserted.	Monitor an official inquest listing or conclusion. No next hearing date or time has been verified. Do not recirculate the superseded missing-child search appeal.	https://www.suffolk.police.uk/news/suffolk/news/news/2026/september/Tribute-issued-by-family-of-Noah-Woods/	Suffolk Constabulary identification update, September 17; updated September 25; read October 2	Primary — investigating agency	https://www.itv.com/news/anglia/2026-09-25/noah-woods-died-after-fleeing-park-through-gap-in-fence	ITV News Anglia — September 25 inquest report; read October 2			
monitoring	ormanjhi-triple-murder	Ormanjhi triple-murder case	Reported life sentences — judgment and review posture unverified	India	Court of Additional Judicial Commissioner Arvind Kumar, Ranchi				Asia/Kolkata	reported only	October 2, 2026, 13:43 PDT (America/Los_Angeles)	The Times of India reports that a Ranchi district court sentenced eleven defendants to life imprisonment for the Ormanjhi triple-murder case on September 17. The court judgment and current review posture have not been independently obtained; these are attributed first-instance sentencing reports, not a claim of finality.	The September 18 report says life terms and a fine of ₹50,000 for each defendant were imposed on Thursday, September 17. The former September 17 sentencing watch is superseded by that report. No court-issued next listing is verified.	Obtain the signed judgment and verify any appeal or other review proceedings. No next hearing date or time is established here.	https://timesofindia.indiatimes.com/city/ranchi/court-awards-life-term-to-11-in-triple-murder-case/articleshow/134341243.cms	Times of India / Times News Network, September 18 sentencing report; read October 2	Named outlet — reported sentence					
